[
    {
        "question": "Carotid artery stenosis screening invivo choice is - opa: USG, opb: CT, opc: MRI, opd: Doppler"
    },
    {
        "question": "Drug treatment for laryngeal stenosis is opa: Adriamycin, opb: Mitomycin C, opc: Cyclophosphamide, opd: Doxorubicin"
    },
    {
        "question": "Reflux laryngitis produces -a) Sub- glottic stenosis b) Ca larynxc) Cord fixationd) Acute supra- glottitise) Laryngitis opa: abe, opb: bcd, opc: cde, opd: acd"
    },
    {
        "question": "Severity of mitral stenosis is determined by: March 2005 opa: Intensity of S1 hea sound, opb: Diastolic murmur duration, opc: Opening snap, opd: Intensity of diastolic murmur"
    },
    {
        "question": "A 63-year-old woman fell while crossing the street after her Thursday afternoon bridge game. Attempts at resuscitation for cardiac arrest by the emergency medical service (EMS) team were unsuccessful. The woman had previously been diagnosed as having aortic stenosis and left ventricular hypertrophy. In addition to these factors, which of the following predisposes to sudden cardiac death? opa: Split first heart sound, opb: Hypokalemia, opc: Soft murmur at left of sternum that varies with inspiration, opd: Failure of the central venous pressure (CVP) to rise more than 1 cm H2O with 30-second pressure on the liver (hepato-jugular reflux)"
    },
    {
        "question": "Which electrolyte should be replenished in hyperophic pyloric stenosis ? opa: Sodium, opb: Hydrogen, opc: Chloride, opd: Bicarbonate"
    },
    {
        "question": "The most impoant sign of significance of renal aery stenosis on an angiogram is: opa: A percentage diameter stenosis >70%, opb: Presence of collaterals, opc: A systolic pressure gradient >20 mmHg across the lesion, opd: Post stenotic dilatation of the renal aery"
    },
    {
        "question": "A 60-year-old woman, Sridevi presents with a murmur suggestive of mitral stenosis and an echocardiography confirmed a mass attached to the fossa ovalis of the left atrial septum. What is the most likely diagnosis? opa: Cardiac myxoma, opb: Endocarditis, opc: Lymphoma, opd: Metastatic cancer to the hea"
    },
    {
        "question": "IOC for neonatal hypertrophic pyloric stenosis: opa: X Ray, opb: CT scan, opc: MRI, opd: Ultrasound"
    },
    {
        "question": "Which one of the following is not a feature of renal aery stenosis? opa: Hypeension responds well to drugs, opb: Kidneys may be asymmetrical, opc: Atherosclerotic plaques are common, opd: Serum creatinine may increase with ACE inhibitors"
    },
    {
        "question": "Carotid aery stenosis in -vivo screening choice is opa: USG, opb: CT, opc: MRI, opd: Doppler"
    },
    {
        "question": "Severity of mitral stenosis is determined by : opa: Intensity of S1 hea sound, opb: Diastolic murmur duration, opc: Opening snap, opd: Intensity of diastolic murmur"
    },
    {
        "question": "Peripheral pulmonic stenosis is associated with opa: Subaoic stenosis, opb: Takayasu's aeritis, opc: William syndrome, opd: Coarctation of syndrome"
    },
    {
        "question": "M/c cause of chronic laryngeal stenosis ? opa: Trauma, opb: TB, opc: Wegeners, opd: Tumor"
    },
    {
        "question": "Most common viral cause of acquired aqueductal stenosis is ? opa: Rubella, opb: Mumps, opc: Toxoplasma, opd: Enterovirus"
    },
    {
        "question": "Fish mouth stenosis in rheumatic hea disease is due to which of the following mechanisms? opa: Calcification and fibrosis bridging across valvular commissures, opb: Fibrinoid necrosis, opc: Acute inflammation leading to valvular damage, opd: Myxomatous degeneration of the valve"
    },
    {
        "question": "Subaortic stenosis is not associated with? opa: Ventricular septal defect, opb: Aortic regargitation, opc: Patent ductus arteriosus, opd: Coarctation of aorta"
    },
    {
        "question": "At what age baby with congenital hypertrophic pyloric stenosis show symptoms opa: At the time of birth, opb: First week, opc: 3rd to 4th week, opd: Second month"
    },
    {
        "question": "Double bubble sign seen in :a) Duodenal atresiab) Duodenal stenosisc) Volvulusd) Intestinal perforation opa: abc, opb: bc, opc: acd, opd: bcd"
    },
    {
        "question": "In a case of hypertrophic pyloric stenosis, the metabolic disturbance is opa: Respiratory alkalosis, opb: Metabolic acidosis, opc: Metabolic alkalosis with paradoxical aciduria, opd: Metabolic alkalosis with alkaline urine"
    },
    {
        "question": "Which metabolic anomaly is seen in Pyloric stenosis- opa: Hypochloremic Alkalosis, opb: Metabolic acidosis with normal anion gap, opc: Metabolic acidosis with increased anion gap, opd: Hypocalcemia"
    },
    {
        "question": "The metabolic derrangement in congenital pyloric stenosis is - opa: Hypochloremic alkalosis, opb: Hyperchloremic alkalosis, opc: Hyperchloremic acidosis, opd: Hypochloremic acidosis"
    },
    {
        "question": "A patient of rheumatic hea disease with mitral stenosis and atrial fibrillation is on oral warfarin. On one OPD visit, his INR is found to be 6. What is the action to be taken? opa: Stop warfarin, and review, opb: Stop wairfarin, and administer fresh frozen plasma, opc: Stop wairfarin, and administer fresh frozen plasma, opd: Stop warfarin, and administer intramuscular vitamin K"
    },
    {
        "question": "A diabetic patient with bilateral renal artery stenosis requires a drug for the treatment of high blood pressure. Which of the following drugs will be most appropriate for this patient? opa: Hydrochlorothiazide, opb: Metoprolol, opc: Enalapril, opd: Amlodipine"
    },
    {
        "question": "A patient with mitral stenosis had to undergo surgery. A pre-anaesthetic checkup revealed the increased liver enzymes. Which of the following inhalational agent should be preferred in this patient? opa: Xenon, opb: Enflurane, opc: Halothane, opd: Sevoflurane"
    },
    {
        "question": "A 37-year-old woman presents with shortness of breath on exertion. She has a past history of rheumatic fever as a child. On cardiac auscultation, there is a loud S1 and a mid-to-late low-pitched diastolic murmur. You suspect she has mitral stenosis. Which of the following findings is most likely to be seen on the CXR in someone with mitral stenosis? opa: general enlargement of the heart, opb: Kerley B lines, opc: attenuation of pulmonary arteries, opd: straightening of the left heart border"
    },
    {
        "question": "Which of the following would distinguish hydrocephalusdue to aqueductal stenosis when compared to thatdue to Dandy walker malformation: opa: Third ventricle size, opb: Posterior fossa volume., opc: Lateral ventricular size, opd: Head circumference."
    },
    {
        "question": "Severity of mitral stenosis is assessed by: opa: Loud opening snap, opb: Length of murmur, opc: Loud S1, opd: Splitting S2"
    },
    {
        "question": "Severe mitral stenosis is identified by: opa: Loud S1, opb: Loud opening snap, opc: Duration of mid-diastolic murmur, opd: Intensity of mid-diastolic murmur"
    },
    {
        "question": "The severity of mitral stenosis is assessed by opa: Character of murmur, opb: Splitting of S, opc: Loudness of S,, opd: S2-OS interval"
    },
    {
        "question": "Drug of choice in laryngeal stenosis is opa: Cyclophosphamide, opb: Doxorubicin, opc: Adriamycin, opd: Mitomycin C"
    },
    {
        "question": "Metabolic abnormality seen in congenital hyperophic pyloric stenosis is opa: Hypochloremic hypokalemic metabolic alkalosis, opb: Hyperchlonemic hypokalemic metabolic alkalosis, opc: Hypochloremic hypokalemic metabolic acidosis, opd: Hyperchoremic hypokalemic metabolic acidosis"
    },
    {
        "question": "Peripheral pulmonic stenosis is associated with - opa: Subaoic stenosis, opb: Takayasu's aeritis, opc: William syndrome, opd: Coarctation of syndrome"
    },
    {
        "question": "A 45-year-old man is admitted to the hospital because of severe pain in the back and lower limb. Radiographic examination reveals spinal stenosis syndrome. Which of the following conditions is most likely to be confirmed by MRI examination? opa: Hypertrophy of supraspinous ligament, opb: Hypertrophy of interspinous ligament, opc: Hypertrophy of ligamentum flavum, opd: Hypertrophy of anterior longitudinal ligament"
    },
    {
        "question": "Metabolic disturbance seen with pyloric stenosis: March 2007, March 2013 (a, b, d, e) opa: Hypokalemic hyponatremic alkalosis, opb: Hyperkalemia, opc: Hyperchloremic acidosis, opd: Hypernatremia"
    },
    {
        "question": "S, ejection click & severe pulmonary stenosis relation is- opa: In severe pulmonary stenosis gap increases, opb: In severe pulmonary stenosis gap reduces, opc: In severe pulmonary stenosis no change, opd: In severe pulmonary stenosis ejection cttek comes_before"
    },
    {
        "question": "The metabolic derangement in congenital pyloric stenosis is \u2013 opa: Hypochloremic alkalosis, opb: Hyperchloremic alkalosis, opc: Hyperchloremic acidosis, opd: Hypochloremic acidosis"
    },
    {
        "question": "A 56-year-old woman with a history of hyperlipidemia and hypeension develops progressive, right renal aery stenosis. Over time, this patient's right kidney is likely to demonstrate which of the following morphologic adaptations to paial ischaemia? opa: Atrophy, opb: Dysplasia, opc: Hyperplasia, opd: Hyperophy"
    },
    {
        "question": "A patient known to have mitral stenosis and atrial fibrillation, presents with acute onset of weakness in the left upper limb which recovered completely in two weeks. The most likely diagnosis is: opa: Transient Ischemic Attack, opb: Ischemic stroke, opc: Hemorrhagic stroke, opd: Vasculitis"
    },
    {
        "question": "Neonatal hepatitis, cholestasis, triangle shaped face, pulmonary stenosis is seen in opa: Apert syndrome, opb: Noonan syndrome, opc: Alagille syndrome, opd: William syndrome"
    },
    {
        "question": "Hyperophic pyloric stenosis what to be normalized before surgery opa: Potassium, opb: Bicarbonate, opc: Calcium, opd: Water"
    },
    {
        "question": "A 36-year-old primigravid woman at 36 weeks' gestation comes to the physician for a prenatal visit. She is experiencing good fetal movement and has had no loss of fluid, bleeding from the vagina, or contractions. She has no complaints. Her past medical history is significant for mitral stenosis, which she developed after an episode of rheumatic fever as a child. She also has asthma for which she uses an albuterol inhaler daily. She has herpes outbreaks approximately once a year. At her last visit she was found to be positive for Group B Streptococcus colonization. For which of the following disease processes would this patient benefit by having a forceps-assisted vaginal delivery at the time of delivery? opa: Asthma, opb: Group B Streptococcus (GBS) colonization, opc: Herpes, opd: Mitral stenosis"
    },
    {
        "question": "Area of mitral valve in severe mitral stenosis during pregnancy opa: 4-6 cm2, opb: 1.5-2.5 cm2, opc: 1-1.5 cm2, opd: 0.8-1 cm2"
    },
    {
        "question": "Loud S1 in mitral stenosis is seen in opa: Prolonged flow through mitral valve, opb: 1st degree heart block, opc: Calcification of the valve, opd: Immobilization of the valve"
    },
    {
        "question": "In congenital hyperophic pyloric stenosis, the defect is in opa: Nerve fibres, opb: Circular muscle fibres, opc: Longitudinal muscle fibres, opd: Mucosa"
    },
    {
        "question": "Most common viral cause of acquired aqueductal stenosis is: opa: Rubella, opb: Mumps, opc: Toxoplasma, opd: Enterovirus"
    },
    {
        "question": "Drug that can cause hyperophic pyloric stenosis is? opa: Teacyclin, opb: Erythromycin, opc: Ampicillin, opd: Rifampicin"
    },
    {
        "question": "Mitral stenosis is associated with : opa: Right ventricular hyperophy, opb: Left ventricular hyperophy, opc: Left axis detion, opd: QRS complex"
    },
    {
        "question": "Renal aery stenosis is not associated with: March 2009 opa: Marfan's syndrome, opb: atherosclerosis, opc: polyaeritis nodosa, opd: takayasu aeritis"
    },
    {
        "question": "What is the age of presentation of pyloric stenosis? opa: At 37 weeks of gestation, opb: At birth, opc: At 3 weeks of age, opd: At 3 months of age"
    },
    {
        "question": "Which of the following is most characteristic of congenital hyperophic pyloric stenosis? opa: Affects the first born female child, opb: The pyloric tumour is best felt during feeding, opc: The patient is commonly marasmic, opd: Loss of appetite occurs early"
    },
    {
        "question": "Patient with elfin facies and friendly behaviour; increased curiosity, Supravalvular aortic stenosis, mental depression etc. The diagnosis is opa: Williams syndrome, opb: Down's syndrome, opc: Treacher-Collins syndrome, opd: Morquio's syndrome"
    },
    {
        "question": "ACE inhibitors are contraindicated in bilateral renal artery stenosis because - opa: Angiotensin II is required for GFR, opb: Hyperrenism which occurs in long term therapy is dangerous to the kidney which secondary damages kidney causing decreased renal bloodfoow, opc: Bradykinin motabolism is affected, opd: Prostaglandin levels are altered"
    },
    {
        "question": "In a case of hypertrophic pyloric stenosis, the metabolic disturbance is - opa: Respiratory alkalosis, opb: Metabolic acidosis, opc: Metabolic alkalosis with paradoxical aciduria, opd: Metabolic alkalosis with alkaline urine"
    },
    {
        "question": "Features of pyloric stenosis : opa: Hypokalemic alkalosis, opb: Peristalsis right to left, opc: Commonly caused by carcinoma stomach, opd: Retention vomiting present"
    },
    {
        "question": "Most common cause of renal artery stenosis in  young females . opa: Atherosclerosis, opb: Fibromuscular dysplasia, opc: Takayasu arteritis, opd: Poly cystic kidney disease"
    },
    {
        "question": "In pyloric stenosis, the following changes are seen:March 2011 opa: Hypokalemic hyponatremic alkalosis, opb: Hyperkalemia, opc: Acidosis with hyponatremic alkalosis, opd: Hyperchloremic acidosis"
    },
    {
        "question": "Bilateral renal artery stenosis is a contraindication for which Antihypertansive drug- opa: Beta - blockers, opb: Calcium channel blockers, opc: ACE inhibitors, opd: Diuretics"
    },
    {
        "question": "Patient with mitral stenosis is having surgery tomorrow. There is some liver compromise. Which of the following inhalational agent is preferred opa: Halothane, opb: Enflurane, opc: Xenon, opd: Sevoflurane"
    },
    {
        "question": "Most common viral cause of acquired aqueductal stenosis is? opa: Rubella, opb: Mumps, opc: Toxoplasma, opd: Enterovirus"
    },
    {
        "question": "Which of the following physical signs is seen in a patient with severe aoic stenosis opa: Opening snap, opb: Diastolic rumble, opc: Holosystolic murmur, opd: Delayed peak of systolic murmur"
    },
    {
        "question": "Loud S1 in mitral stenosis is seen in - opa: Prolonged flow through mitral valve, opb: 1* degree hea block, opc: Calcification of the valve, opd: Immobilization of the valve"
    },
    {
        "question": "Excessive vomiting with gastric outlet obstruction secondary to pyloric stenosis leads to - opa: Hypokalemic hypochloremic metabolic alkalosis, opb: Hypokalemic hyperchloremic metabolic acidosis, opc: Hyperkalemic hyperchloremic metabolic alkalosis, opd: Hyperkalemic hypochloremic metabolic acidosis"
    },
    {
        "question": "What is the minimal internal diameter of giant coronary aneurysm in children with Kawasaki disease which pose highest risk for ruptures, thrombosis, stenosis and myocardial infarction? opa: 8 mm, opb: 10 mm, opc: 12 mm, opd: 15 mm"
    },
    {
        "question": "Kamla Rani, a 20 yrs old female having mitral stenosis class II and Rheumatic hea disease becomes pregnant. Which is not indicated in her management during labor: opa: Give Prophylactic antibiotics, opb: Apply Outlet forceps in 2nd stage of labor, opc: Give iv furosemide at delivery of placenta, opd: Give Methergin at delivery of anterior shoulder"
    },
    {
        "question": "In Valvular Aoic Stenosis poorest prognosis in indicated when- opa: Angina occurs, opb: Syncope occurs, opc: Dyspnea occurs, opd: Palpitation occurs"
    },
    {
        "question": "The drug used in coronary aery stenosis during Angio procedure? opa: Pindolol, opb: Octreotide, opc: Desmopressin, opd: Tolazoline"
    },
    {
        "question": "A 73-year-old man has angina pectoris on exertion, but an angiogram reveals noncritical stenosis of the coronary arteries. This occurs most frequently with which of the following valvular heart diseases? opa: mitral stenosis, opb: mitral insufficiency, opc: pulmonary stenosis, opd: aortic stenosis"
    },
    {
        "question": "In Valvular Aortic Stenosis poorest prognosis is indicated when opa: Angina occurs, opb: Syncope occurs, opc: Dyspnoea occurs, opd: Palpitation occurs"
    },
    {
        "question": "Congenital hyperophic pyloric stenosis associated with opa: Hypokalemic acidosis, opb: Hypokalemic alkalosis, opc: Hyperkalemic acidosis, opd: Hyperkalemic alkalosis"
    },
    {
        "question": "Subaoic stenosis is not associated with? opa: Ventricular septal defect, opb: Aoic regargitation, opc: Patent ductus aeriosus, opd: Coarctation of aoa"
    },
    {
        "question": "Vasopressor of choice in anesthesia for a patient of aoic stenosis, who develops hypotension during surgery: opa: Ephedrine, opb: Dopamine, opc: Dobutamine, opd: Phenylephrine"
    },
    {
        "question": "Metabolic disturbance seen with pyloric stenosis:March 2007, March 2013 (a, b, d, e) opa: Hypokalemic hyponatremic alkalosis, opb: Hyperkalemia, opc: Hyperchloremic acidosis, opd: Hypernatremia"
    },
    {
        "question": "In pyloric stenosis, the following changes are seen: March 2011 opa: Hypokalemic hyponatremic alkalosis, opb: Hyperkalemia, opc: Acidosis with hyponatremic alkalosis, opd: Hyperchloremic acidosis"
    },
    {
        "question": "In a case of hyperophic pyloric stenosis, which of the following metabolic disturbance is found? opa: Respiratory alkalosis, opb: Metabolic acidosis, opc: Metabolic alkalosis with paradoxical aciduria, opd: Metabolic alkalosis with alkaline urine"
    },
    {
        "question": "Carotid artery stenosis screening invivo choice is : opa: USG, opb: CT, opc: MRI, opd: Doppler"
    },
    {
        "question": "Investigation of choice for screening of proximal internal carotid aery stenosis is : opa: Doppler flow USG, opb: CT substraction angiography, opc: MRI, opd: Angiography (DSA)"
    },
    {
        "question": "A male child presented with cryptorchidism, mental retardation and pulmonary stenosis. He has normal karyotype. Which of the following is the diagnosis? opa: Noonan's syndrome, opb: Turner's syndrome, opc: Down's syndrome, opd: Angelmann's syndrome"
    },
    {
        "question": "A 49-year-old man suffering from depression attempts suicide by jumping out of the window of his third-floor apartment. He requires multiple operations during a prolonged, complicated hospital stay. Endotracheal intubation is attempted in the ICU but is unsuccessful because of tracheal stenosis, which is attributed to which of the following? opa: Prolonged nasotracheal intubation, opb: Orotracheal intubation, opc: Tracheostomy tubes, opd: High oxygen delivery"
    },
    {
        "question": "Pt with mitral stenosis in labour wants analgesia for normal delivery. Which form of Anaesthesia to be used for her? opa: Inhalational Anaesthesia, opb: Spinal Anaesthesia, opc: Epidural Anaesthesia, opd: Opioids"
    },
    {
        "question": "Severity of mitral stenosis Is assessed by - opa: Loud opening snap, opb: Loud opening snap Length of murmur, opc: Loud S1, opd: Splitting of sounds"
    },
    {
        "question": "A 3-month-old female infant is diagnosed with anal stenosis after several periods of stool infrequency, two of which lasted 10 days without a bowel movement. Which of the following is the most likely cause of this condition? opa: Incomplete separation of the cloaca by the urorectal septum, opb: Dorsal deviation of the urorectal septum, opc: Failure of the anal membrane to perforate, opd: Abnormal recanalization of the colon"
    },
    {
        "question": "A 26-year old primigravida with severe rheumatic heart disease (mitral stenosis with mitral regurgitation) is in early labour. The obstetrician wants to try a normal labour. Which of the following is the ideal intervention for labour analgesia? opa: Parenteral opioids, opb: Neuraxial analgesia, opc: Inhalational analgesia, opd: Spinal anaesthesia"
    },
    {
        "question": "Drug contraindicated in bilateral renal aery stenosis opa: Propanolol, opb: Guanethidine, opc: Captopril, opd: Amilodipine"
    },
    {
        "question": "A child presents with antimongoloid slant, pulmonary stenosis, sho stature and undescended testis. The likely diagnosis is- opa: Hypoparathyroidism, opb: Noonan syndrome, opc: Klinefelter syndrome, opd: XYY sex chromosomes"
    },
    {
        "question": "In mitral stenosis \"the double shadow\" on X ray chest PA view is due to enlargement of - opa: Right atrial enlargement, opb: Right ventricular enlargement, opc: Left atrial enlargement, opd: Left ventricular enlargement"
    },
    {
        "question": "Mitral stenosis is associated with - opa: Right ventricular hypertrophy, opb: Left ventricular hypertrophy, opc: Left axis deviation, opd: QRS complex"
    },
    {
        "question": "Drug that can cause hypertrophic pyloric stenosis is : opa: Tertacycline, opb: Erythromycin, opc: Ampicillin, opd: Rifampicin"
    },
    {
        "question": "Congenital hypertrophic pyloric stenosis associated with opa: Hypokalemic acidosis, opb: Hypokalemic alkalosis, opc: Hyperkalemic acidosis, opd: Hyperkalemic alkalosis"
    },
    {
        "question": "The abdominal mass in pyloric stenosis in a new born child can be best palpated: opa: During feeding, opb: In the umbilical area, opc: In the epigastric area, opd: In the right hypochondriac quadrant"
    },
    {
        "question": "In a case of hyperophic pyloric stenosis, the metabolic disturbance is: March 2004 opa: Respiratory alkalosis, opb: Metabolic acidosis, opc: Metabolic alkalosis with paradoxical aciduria, opd: Metabolic alkalosis with alkaline urine"
    },
    {
        "question": "Which among the following is not a ultrasound feature of Congenital Hyperophic Pyloric Stenosis? opa: 95% sensitivity by ultrasound, opb: Thickness of pylorus > 4mm, opc: Canal length > 16mm, opd: High gastric residue"
    },
    {
        "question": "Most common cause of mitral stenosis is: opa: Rheumatic hea disease, opb: Infective-endocarditis, opc: Diabetes mellitus, opd: Congenital"
    },
    {
        "question": "A child presents with anti-mongoloid slant, pulmonary stenosis, sho stature and undescended testis. The most likely diagnosis is: opa: Klinefelter syndrome, opb: Noonan syndrome, opc: Turner syndrome, opd: Down syndrome"
    },
    {
        "question": "Congenital hypertropic pyloric stenosis is diagnosed by- opa: CT, opb: USG, opc: MRF, opd: X-ray"
    },
    {
        "question": "An old lady with mitral stenosis underwent hysterectomy for uterine fibroid and died after developing pulmonary edema. The order of cause of death in international ceificate is: NIMS 11 opa: Mitral stenosis, pulmonary edema, hysterectomy, opb: Pulmonary edema, mitral stenosis, hysterectomy, opc: Pulmonary edema, hysterectomy, mitral stenosis, opd: Hysterectomy, pulmonary edema, mitral stenosis"
    },
    {
        "question": "Which is the most impoant sign of significance of renal aery stenosis on an angiogram? opa: Presence of collaterals, opb: A percentage diameter stenosis > 70%, opc: Post-stenotic dilatation of the renal aery, opd: A systolic pressure gradient > 20 mm Hg across the lesion"
    },
    {
        "question": "Stenosis of which of the following vessels is associated with the highest patency rates following angioplasty or stenting? opa: Medial circumflex artery, opb: Iliac artery, opc: Superficial femoral artery, opd: Popliteal artery"
    },
    {
        "question": "Drug of choice in Laryngeal stenosis is: opa: Cyclophosphamide, opb: Doxorubicin, opc: Adriamycin, opd: Mitomycin C"
    },
    {
        "question": "Double density sign in Mitral stenosis is a sign of enlargement of- opa: Right Atrium, opb: Left Atrium, opc: Left Auricle, opd: Right Auricle"
    },
    {
        "question": "Metabolic abnormality seen in congenital hyperophic pyloric stenosis is? opa: Hypochloremic hypokalemic metabolic alkalosis, opb: Hyperchloremic hypokalemic metabolic alkalosis, opc: Hypochloremic hypokalemic metabolic acidosis, opd: Hyperchloremic hypokalemic metabolic acidosis"
    },
    {
        "question": "Severity of mitral stenosis is best identified by? opa: Loud S1, opb: Loud opening snap, opc: Duration of mid-diastolic murmur, opd: Intensity of mid-diastolic murmur"
    },
    {
        "question": "Investigation of choice for hvpertropic pyloric stenosis is- opa: USG, opb: X-ray, opc: CT, opd: MRI"
    },
    {
        "question": "Which of the following class of drugs is contraindicated in bilateral renal artery stenosis? opa: Angiotensin receptor blocker, opb: ACE inhibitors, opc: Aldosterone antagonist, opd: Renin inhibitor"
    },
    {
        "question": "A 26-year-old primigravida diagnosed with severe rheumatic heart disease (Mitral stenosis with mitral regurgitation) is in early labour. The obstetrician wants to try a normal labour. Which of the following is the best labour analgesia for this patient? opa: Parenteral opioids, opb: Neuraxial analgesia, opc: Inhalational anesthesia, opd: Spinal anesthesia"
    },
    {
        "question": "Investigation of choice to diagnose hyperophic pyloric Stenosis in infants is opa: Contrast radiology, opb: Gastroscopy, opc: Ultrasound abdomen, opd: CT scan abdomen"
    },
    {
        "question": "Which drug predisposes to pyloric stenosis in infants - opa: Erythromycin, opb: Streptomycin, opc: Tetracycline, opd: Nitrofurantoin"
    },
    {
        "question": "In a case of hyperophic pyloric stenosis, the metabolic disturbance is opa: Respiratory alkalosis, opb: Metabolic acidosis, opc: Metabolic alkalosis with paradoxical aciduria, opd: Metabolic alkalosis with alkaline urine"
    },
    {
        "question": "Renal artery stenosis is associated with - opa: High renin Hypertension, opb: Normal renin hypertension, opc: Low renin hypertension, opd: Fibrinoid necrosis of vessels"
    },
    {
        "question": "Mitral stenosis is associated with opa: Right ventricular hyperophy, opb: Left ventricular hyperophy, opc: Left axis detion, opd: QRS complex"
    },
    {
        "question": "A 25 year old primigravide with mitral stenosis and mitral regurgitation is under labor. She wants normal delivery which would be the best way to provide analgesia in this lady opa: Inhalational analgesia, opb: Intravenous opioids, opc: Spinal anesthesia, opd: Neuraxialblockde analgesia"
    },
    {
        "question": "What is the most characteristic of congenital hypertrophic pyloric stenosis - opa: Affects the first born female child, opb: The pyloric tumour is best felt during feeding, opc: The patient is commonly marasmic, opd: Loss of appetite occurs early"
    },
    {
        "question": "Which of the following metabolic derangement is associated with congenital pyloric stenosis? opa: Hypochloremic acidosis, opb: Hypochloremic alkalosis, opc: Hyperchloremic acidosis, opd: Hyperchloremic alkalosis"
    },
    {
        "question": "The accurate diagnostic aid in renal artery stenosis is - opa: Selective renal angiography, opb: Ultrasound, opc: CT scan, opd: IVU"
    },
    {
        "question": "In congenital pyloric stenosis, which of the following is not seen? opa: Weight loss, opb: Projectile vomiting, opc: Lump, opd: Bile in vomitus"
    },
    {
        "question": "Loud pulmonary component of second heart sound heard in  a) Pulmonary hypertension  b) TOF  c) Eissenmenger's syndrome  d) Pulmonary stenosis  e) AS opa: ac, opb: bc, opc: cd, opd: bd"
    },
    {
        "question": "Renal aery stenosis is not associated with:March 2009 opa: Marfan's syndrome, opb: atherosclerosis, opc: polyaeritis nodosa, opd: takayasu aeritis"
    },
    {
        "question": "Which of the following electrolyte abnormality can be seen in an infant with congenital hyperophic pyloric stenosis? opa: Hypokalemic acidosis, opb: Hypokalemic alkalosis, opc: Hyperkalemic acidosis, opd: Hyperkalemic alkalosis"
    },
    {
        "question": "What is the metabolic abnormalities sign in congenital hypertrophic pyloric stenosis opa: Hyperkalemic metabolic alkalosis, opb: Hypokalemic metabolic alkalosis, opc: Hypokalemic metabolic acidosis, opd: Hyperkalemic metabolic acidosis"
    },
    {
        "question": "Kerley lines are seen in \u2013 a) Pleural effusionb) Mitral stenosisc) Pericardial effusiond) Interstitial edemae) Lymphangitis carcinomatosis opa: bde, opb: ade, opc: ace, opd: bce"
    },
    {
        "question": "An infant with hypertrophic pyloric stenosis presents with severe vomiting after one week of onset of symptoms. What is the most likely metabolic abnormality in this patient? opa: Hypokalemic hypochloremic metabolic alkalosis, opb: Hypokalemic hypochloremic metabolic acidosis, opc: Hyperkalemic hyperchloremic metabolic alkalosis, opd: Hypokalemic hyperchloremic metabolic acidosis"
    },
    {
        "question": "In Valvular Aortic Stenosis poorest prognosis in indicated when - opa: Angina occurs, opb: Syncope occurs, opc: Dyspnea occurs, opd: Palpitation occurs"
    },
    {
        "question": "In a patient with severe aoic Stenosis which of the following anesthetic techniques is least preferred: opa: Propofol induction, opb: Etomidate induction, opc: Spinal anesthetic with 15 mg bupivacaine, opd: Epidural anesthesia with 2 % lidocaine"
    },
    {
        "question": "A hypertensive patient is suffering from bilateral renal artery stenosis. Which of the following drug should not be given? opa: Enalapril, opb: Atenolol, opc: Nifedipine, opd: Hydrochlorothiazide"
    },
    {
        "question": "Most common site of subclan aery stenosis is in pa: opa: 1st, opb: 2nd, opc: 3rd, opd: Terminal"
    },
    {
        "question": "Most common biochemical abnormality in congenital pyloric stenosis. opa: Hyperkalemic metabolic acidosis, opb: Hypokalemic metabolic acidosis, opc: Hyperkalemic metabolic alkalosis, opd: Hypokalemic metabolic alkalosis"
    },
    {
        "question": "A 37-year-old woman presents with shortness of breath on exertion. She has a past history of rheumatic fever as a child. On cardiac auscultation, there is a loud SI and a mid-to-late low- pitched diastolic murmur. You suspect she has mitral stenosis. Which of the following findings is most likely to be seen on the CXR in someone with mitral stenosis? opa: general enlargement of the heart, opb: Kerley B lines, opc: attenuation of pulmonary arteries, opd: straightening of the left heart border"
    },
    {
        "question": "In Hypertrophic pyloric stenosis which electrolyte should be replenished? opa: Na+, opb: K+, opc: C1--, opd: HCO3--"
    },
    {
        "question": "A 36-year-old man dies during cardiac surgery. He had a history of long-standing rheumatic hea disease with mitral stenosis. At autopsy, the pathologist repos findings consistent with mitral stenosis and noted the presence of \"hea failure cells.\" This finding results from opa: activation of the coagulation cascade., opb: chronic passive congestion of the lungs., opc: hypoxic myocardial injury., opd: myocardial hyperemia."
    },
    {
        "question": "Which of the following physical signs is seen in a patient with severe aortic stenosis opa: Opening snap, opb: Diastolic rumble, opc: Holosystolic murmur, opd: Delayed peak of systolic murmur"
    },
    {
        "question": "Investigation of choice for neonatal hyperophic pyloric stenosis is _________ opa: X-ray, opb: CT scan, opc: MRI, opd: USG"
    },
    {
        "question": "Which is the MOST common biochemical abnormality seen in congenital pyloric stenosis? opa: Hyperkalemic metabolic acidosis, opb: Hypokalemic metabolic acidosis, opc: Hyperkalemic metabolic alkalosis, opd: Hypokalemic metabolic alkalosis"
    },
    {
        "question": "Hypertrophic pyloric stenosis is characterized by opa: Metabolic acidosis, opb: Metabolic alkalosis, opc: Alkaline urine, opd: Paradoxical alkaluria"
    },
    {
        "question": "What is the most characteristic of congenital hyperophic pyloric stenosis: opa: Affects the first born female child, opb: The pyloric tumour is best felt during feeding, opc: The patient is commonly marasmic, opd: Loss of appetite occurs early"
    },
    {
        "question": "A 60 year old man with rheumatic mitral stenosis and atrial fibrillation is on therapy for a fast ventricular rate. While on treatment he develops a regular pulse of 64 beats/min. Which of the following is the probable drug that the patient is receiving ? opa: Verapamil, opb: Digoxin, opc: Carvedilol, opd: Propranolol"
    },
    {
        "question": "Early complications of tracheostomy are -a) Haemorrhageb) Displacement of tube or obstructionc) Surgical emphysemad) Tracheal stenosis opa: ab, opb: bc, opc: abc, opd: bcd"
    },
    {
        "question": "A child presents with antimongoloid slant, pulmonary stenosis, short stature and undescended testis. The likely diagnosis is \u2013 opa: Hypoparathyroidism, opb: Noonan syndrome, opc: Klinefelter syndrome, opd: XYY sex chromosomes"
    },
    {
        "question": "Which metabolic abnormality is seen in congenital hypertrophic pyloric stenosis? opa: Metabolic Acidosis, opb: Metabolic Alkalosis, opc: Respiratory Acidosis, opd: Respiratory Alkalosis"
    },
    {
        "question": "The first hea sound is loud in which of the following conditions? 1. Mitral regurgitation 2. Pregnancy 3. Anemia 4. Mitral stenosis opa: 1 and 4, opb: 1, 2 and 4, opc: 3 and 4, opd: 2, 3 and 4"
    },
    {
        "question": "Patient with mitral stenosis is having surgery tomorrow. There is some liver compromise. Which of the following inhalational agent is preferred \u2013 opa: Halothane, opb: Enflurane, opc: Xenon, opd: Sevoflurane"
    },
    {
        "question": "Which of the following antiglaucoma drug can cause stenosis of nasolacrimal duct opa: Timolol, opb: Apraclonidine, opc: Latanoprost, opd: Adrenaline"
    },
    {
        "question": "Acquired extra - cranial infection that causes Aqueductal Stenosis is - opa: Bacterial endocarditis, opb: Mumps, opc: Measles, opd: Staphylococcal septicemia"
    },
    {
        "question": "After suffering a respiratory tract infection, a 64-year-old female biochemist develops chronic lung disease requiring intubation in the ICU for an 8-week period. Tracheal stenosis is noted. What is the most likely cause of tracheal stenosis? opa: Prolonged intubation, opb: Tuberculosis, opc: Scleroderma, opd: Riedel struma (fibrous thyroiditis)"
    },
    {
        "question": "A 62-year-old man presents to the emergency department because of new symptoms of fevers, chills, and malaise. His past medical history is significant for a prosthetic aortic valve replacement 5 years ago because of aortic stenosis from a bicuspid valve.On physical examination, the blood pressure is 130/85 mm Hg, heart rate is 88/min, and temperature 38.5degC. He has a 2/6 systolic ejection murmur heard best at the aortic region and a mechanical second heart sound, but no other abnormalities on examination. Blood cultures are most likely to grow which of the following? opa: fungi, opb: bartonella, opc: diphtheroid, opd: Staphylococcus epidermidis"
    },
    {
        "question": "Which of the following physical signs is seen in a patient with severe aoic stenosis: opa: Opening snap, opb: Diastolic rumble, opc: Holosystolic murmur, opd: Delayed peak of systolic murmur"
    },
    {
        "question": "Investigation of choice for diagnosis of congenital hyperophic pylori stenosis: opa: USG, opb: Barium meal, opc: Barium meal follow through, opd: CT scan with contrast"
    },
    {
        "question": "Double density sign in Mitral stenosis is a sign of enlargement of opa: Right Atrium, opb: Left Atrium, opc: Left Auricle, opd: Right Auricle"
    },
    {
        "question": "Drug contraindicated in bilateral renal artery stenosis is: opa: Propranolol, opb: Guanethidine, opc: Captopril, opd: Amlodipine"
    },
    {
        "question": "Congenital pyloric stenosis present with: opa: Hypokalemic metabolic acidosis, opb: Hypokalemic metabolic alkalosis, opc: Hyperkalemic metabolic acidosis, opd: Hyperkalemic metabolic alkalosis"
    },
    {
        "question": "Investigation of choice in pyloric stenosis- opa: USG, opb: UGI series, opc: CT, opd: MRI"
    },
    {
        "question": "A patient with angina, exeional syncope and Left ventricular hyperophy is diagnosed with aoic stenosis. What is the predicted life span of this patient? opa: 1 year, opb: 2 years, opc: 3 years, opd: 4 years"
    },
    {
        "question": "Congenital hyperophic pyloric stenosis is characterized by progressive gastric outlet obstruction. Incidence of congenital hyperophic pyloric stenosis is highest in: opa: First female baby, opb: First male baby, opc: Second male baby, opd: Second female baby"
    },
    {
        "question": "The most common complication of Sub-valvular Aoic Stenosis is: opa: Aoic Regurgitation, opb: Mitral Regurgitation, opc: Tricuspid regurgitation, opd: Pulmonary Regurgitation"
    },
    {
        "question": "Which of the following is NOT seen in pyloric stenosis: opa: Projectile vomiting, opb: Paradoxical aciduria, opc: Bilious vomiting, opd: Metabolic alkalosis"
    },
    {
        "question": "The ideal treatment of stenosis of sphineter of Oddi is - opa: Transduodenal sphincteroplasty, opb: Endoscopic sphincterotomy, opc: Choledochojejunostomy, opd: Choledochoduodenostmy"
    },
    {
        "question": "The abdominal mass in congenital hypertrophic pyloric stenosis in a new born child can be best palpated: opa: In the midepigastric area, opb: In the right hypochondriac quadrant, opc: In the umbilical area, opd: During feeding"
    },
    {
        "question": "Stenosis of aqueduct of sylvius results in? opa: Enlargement of lateral ventricles, opb: Enlargement of fouh ventricles, opc: Enlargement of lateral and third ventricles, opd: Enlargement of lateral and fouh ventricles"
    },
    {
        "question": "Mitral stenosis Is associated with- opa: Right ventricular hyper trophy, opb: Left ventricular hyperophy, opc: Left axis detion, opd: Abnormal QRS complex"
    },
    {
        "question": "Which of the following would distinguish hydrocephalus due to aqueductal stenosis when compared to that due to Dandy walker malformation? opa: Third ventricle size, opb: Posterior fossa volume, opc: Lateral ventricular size, opd: Head circumference"
    },
    {
        "question": "The metabolic derangement in congenital pyloric stenosis is: opa: Hypochloremic alkalosis, opb: Hyperchloremic alkalosis, opc: Hyperchloremic acidosis, opd: Hypochloremic acidosis"
    },
    {
        "question": "A 59-year-old woman with type II diabetes mellitus experiences an episode of chest pain with exercise. On examination, her BMI is 30. Angiography reveals proximal coronary arterial narrowing with up to 70% stenosis. Which of the following pharmacologic agents ingested in low doses daily is most appropriate for reducing her risk for myocardial infarction? opa: Acetaminophen, opb: Aspirin, opc: Ibuprofen, opd: Paclitaxel"
    },
    {
        "question": "Severity of mitral stenosis is best identified by: opa: Loud SI, opb: Loud opening snap, opc: Duration of mid-diastilic murmur, opd: Intensity of mid-diastolic murmur"
    },
    {
        "question": "A 3 week old child with projectile postprandial vomiting is diagnosed of having hyperophic pyloric stenosis. Congenital hyperophic pyloric stenosis is associated with: opa: Hypokalemic acidosis, opb: Hypokalemic alkalosis, opc: Hyperkalemic acidosis, opd: Hyperkalemic alkalosis"
    },
    {
        "question": "Elevated systolic blood pressure in the right ventricle suggests stenosis of which valve? opa: Aoic, opb: Mitral, opc: Pulmonary, opd: Tricuspid"
    },
    {
        "question": "Which of the auscultatory sign is absent in mitral stenosis in the presence of atrial fibrillation? opa: Mid diastolic murmur, opb: Presystolic accentuation, opc: Variable first hea sound, opd: Loud P2"
    },
    {
        "question": "Congenital heart disease associated with decreased pulmonary blood flow -a) Truncus arteriosusb) TAPVCc) Ebstein's anomalyd) Complete TGAe) Single ventricle with pulmonary stenosis opa: a, opb: b, opc: ce, opd: ae"
    },
    {
        "question": "Most common cause of mitral stenosis is opa: Rheumatic hea disease, opb: Infective endocarditis, opc: Diabetes mellitus, opd: Congenital"
    },
    {
        "question": "Severity of mitral stenosis is assessed by opa: Loud opening snap, opb: Length of murmur, opc: Loud S1, opd: Splitting S2"
    },
    {
        "question": "Area of the mitral valve in severe mitral stenosis during pregnancy opa: 4-6 cm2, opb: 1-1.5 cm2, opc: 1.5-2.5 cm2, opd: 0.8-1 cm2"
    },
    {
        "question": "The ideal treatment of stenosis of sphincter of oddi is opa: Transduodenal sphicteroplasty, opb: Endoscopic sphicteroplasty, opc: Choledochojejunostomy, opd: Choledochoduodenostomy"
    },
    {
        "question": "An elderly hypeensive has diabetic mellitus and bilateral renal aery stenosis. the best management is opa: Enalapril, opb: Verapamil, opc: Beta blockers, opd: Thiazide"
    },
    {
        "question": "Congenital heart lesion(s) in rubella are \u2013  a) VSD b)  ASDc)  PDAd)  Pulmonary stenosis opa: abc, opb: acd, opc: abcd, opd: acd"
    },
    {
        "question": "Drug which can cause Hyperophic Pyloric stenosis is: opa: Rifampicin, opb: Erythromycin, opc: Azithromycin, opd: Ampicillin"
    },
    {
        "question": "Patient with pyloric stenosis secondary to peptic ulcer, complains of profuse vomitting and Na+ - 125 meq/L, K+ \u2192 2.3 meq/L and CI \u2192 85 meq/L, E- 8meq/L should be given- opa: Half normal saline, opb: Normal saline, opc: K+ bolus, opd: Hypertonic saline"
    },
    {
        "question": "A 30-year-old male patient presented with dyspnea ECHO showed mitral stenosis with left atrial hypertrophy. Excised mitral valve is as shown. What is the diagnosis? opa: Tuberculosis, opb: Sarcoidosis, opc: Rheumatic heart diseases, opd: Fungal granuloma"
    },
    {
        "question": "Which of the following is not a clinical sign associated with mitral stenosis? opa: Malar flush, opb: Atrial fibrillation, opc: Pan-systolic murmur which radiates to axilla, opd: Tapping, undisplaced apex beat"
    },
    {
        "question": "Lumbar canal stenosis presents as ? opa: Claudication, opb: Scoliotic deformity, opc: Kyphotic deformity, opd: Radiculopathy"
    },
    {
        "question": "Severity if mitral stenosis is Judged by-. - opa: Loud S1, opb: S2-OS gap, opc: Loud S2, opd: S3"
    },
    {
        "question": "An elderly hypeensive has diabetes mellitus and bilateral renal aery stenosis. The best management is - opa: Enalapril, opb: Verapami I, opc: Beta blockers, opd: Thiazides"
    },
    {
        "question": "What is the most characteristic of congenital hyperophic pyloric stenosis - opa: Affects the first born female child, opb: The pyloric tumour is best felt during feeding, opc: The patient is commonly marasmic, opd: Loss of appetite occurs early"
    },
    {
        "question": "Which physical sign characterizes mitral stenosis: opa: Loud first heart sound, opb: Soft single second heart sound, opc: Third heart sound, opd: Pulsatile liver"
    },
    {
        "question": "Subglottic stenosis in term infants is a subglottic diameter of less than: opa: 2 mm, opb: 3 mm, opc: 4 mm, opd: 5 mm"
    },
    {
        "question": "A Mitral stenosis patient has developed pulmonary aery hypeension. Which of the following auscultatory findings may be heard? opa: Early Diastolic, crescendo murmur, opb: Mid- Systolic, crescendo- decrescendo murmur, opc: Pan-systolic murmur, opd: Mid- diastolic, rumbling murmur"
    },
    {
        "question": "Which of the following is not seen in mitral stenosis? opa: Loud S1, opb: Opening snap, opc: Mid diastolic murmur, opd: S3"
    },
    {
        "question": "Which of the following would distinguish hydrocephalus due to aqueductal stenosis when compared to that due to Dandy Walker malformation- opa: Third ventricle size, opb: Posterior fossa volume, opc: Lateral ventricular size, opd: Head circumference"
    },
    {
        "question": "Which of the following drug will cause hyperophic pyloric stenosis is __________ opa: Vancomycin, opb: Nefidipine, opc: Erythromycin, opd: Phenyl propanolamine"
    },
    {
        "question": "A 25 year old primigravida with history of mitral stenosis and mitral regurgitation is in labour. She prefers a normal vaginal delivery. Which would be the best way to provide analgesia for this lady? opa: Epidural anaesthesia, opb: Spinal anaesthesia, opc: Inhalational analgesia, opd: Intravenous opioids"
    },
    {
        "question": "Most common cause of death in aoic stenosis patients is: March 2005 opa: Pulmonary edema, opb: Atrial flutter, opc: IHD with ventricular fibrillation, opd: Cerebral embolism"
    },
    {
        "question": "Most common cause of chronic laryngeal stenosis is opa: Trauma, opb: Tuberculosis, opc: SLE, opd: Tumour"
    },
    {
        "question": "A child operated for circumcision for meatal stenosis has urine retention recurrently, what is the most likely cause? opa: Recurrence of meatal stenosis, opb: Recurrent scab formation, opc: Urinary tract infection, opd: Failed circumcision"
    },
    {
        "question": "Severity if mitral stenosis is judged by- opa: Loud S1, opb: S2-OS gap, opc: S3, opd: S4"
    },
    {
        "question": "Congenital hypertropic pyloric stenosis is diagnosed by \u2013 opa: CT, opb: USG, opc: MRF, opd: X-ray"
    },
    {
        "question": "Which of the following drug is contraindicated in case of bilateral renal artery stenosis opa: Hydralazine, opb: Enalapril, opc: Methyldopa, opd: Dopamine"
    },
    {
        "question": "X-ray feature of pyloric stenosis is - opa: Single bubble appearance, opb: Double bubble appearance, opc: Triple bubble appearance, opd: Multiple air fluid levels"
    },
    {
        "question": "Double atrial shadow in mitral stenosis due to - opa: Left Atrial enlargement, opb: Right Atrial enlargement, opc: Tumor in Right Atrium, opd: Right Atrium appendages."
    },
    {
        "question": "A 62-year-old man with a prosthetic aortic valve develops fevers and malaise. His valve was replaced 5 years ago because of aortic stenosis from a bicuspid valve. He has a systolic ejection murmur but no other abnormalities on examination. Blood cultures are most likely to grow which of the following? opa: fungi, opb: bartonella, opc: diphtheroid, opd: Staphylococcus epidermidis"
    },
    {
        "question": "Drug contra-Indicated in bilateral renal aery stenosis opa: Propanolol, opb: Guanethidine, opc: Captopril, opd: Amlodipine"
    },
    {
        "question": "S1 ejection click & severe pulmonary stenosis relation is- opa: In severe pulmonary stenosis gap increases, opb: In severe pulmonary stenosis gap reduces, opc: In severe pulmonary'' stenosis no change, opd: In severe pulmonary stenosis ejection click comes before"
    },
    {
        "question": "A 60-year-old man with rheumatic mitral stenosis and atrial fibrillation is on therapy for a fast ventricular rate. While on treatment he develops a regular pulse of 64 beats/min. Which of the following is the probable drug that the patient is receiving? opa: Verapamil, opb: Digoxin, opc: Carvedilol, opd: Propranolol"
    },
    {
        "question": "Which of the following vasopressors woul be preferred in a patient with aortic stenosis opa: Ephedrine, opb: Dopamine, opc: Dobutamine, opd: Phenylephrine"
    },
    {
        "question": "A patient with mitral stenosis had had to undergo surgery.pre-anaesthetic checkup revealed the increased liver enzymes. Which of the following inhalational agent should be preferred in this patient? opa: Xenon, opb: Enflurane, opc: Halothane, opd: Sevoflurane"
    },
    {
        "question": "X-Ray feature of pyloric stenosis is opa: Single bubble appearance, opb: Double bubble appearance, opc: Triple bubble apperance, opd: Multiple air fluid levels"
    },
    {
        "question": "Acquired extra \u2013 cranial infection that causes aqueductal Stenosis is \u2013 opa: Bacterial endocarditis, opb: Mumps, opc: Measles, opd: Staphylococcal septicemia"
    },
    {
        "question": "Features of pyloric stenosis opa: Hypokalemic alkalosis, opb: Peristalsis right to left, opc: Commonly caused by carcinoma stomach, opd: Retention vomiting present"
    },
    {
        "question": "Massive haemoptysis in mitral stenosis originates from opa: Pulmonary veins, opb: Pulmonary artery, opc: Bronchial veins, opd: Bronchial artery"
    },
    {
        "question": "Lumbar canal stenosis presents as opa: Claudication, opb: Scoliotic deformity, opc: Kyphotic deformity, opd: Radiculopathy"
    },
    {
        "question": "Choose the appropriate lettered site or structure in this CT scan of the thorax. Becomes hypertrophied as result of the pulmonary stenosis? opa: A, opb: B, opc: C, opd: D"
    },
    {
        "question": "MC cause of morbidity and moality late in the course of mitral stenosis: March 2013 opa: Infective endocarditis, opb: Pulmonary edema, opc: Recurrent pulmonary emboli, opd: Pulmonary infections"
    },
    {
        "question": "X-ray feature of pyloric stenosis is \u2013 opa: Single bubble appearance, opb: Double bubble appearance, opc: Triple bubble appearance, opd: Multiple air fluid levels"
    },
    {
        "question": "X-ray feature of pyloric stenosis is: March 2013 (c) opa: Single bubble appearance, opb: Double bubble appearance, opc: Triple bubble appearance, opd: Multiple bubble appearance"
    },
    {
        "question": "ACE inhibitors are contraindicated in bilateral renal aery stenosis, because - opa: Angiotensin II has direct effect on GFR, opb: Enhances bradykinin action, opc: Hyperreninism affects renal parenchyma, opd: Affects prostaglandins"
    },
    {
        "question": "The most common complication of Sub-valvular Aortic Stenosis is - opa: Aortic Regurgitation, opb: Mitral Regurgitation, opc: Tricuspid Regurgitation, opd: Pulmonary Regurgitation"
    },
    {
        "question": "Which one of the following is not a feature of congenital hyperophic pyloric stenosis opa: More common in males, opb: Projectile vomiting, opc: Diarrhea, opd: Malnutrition"
    },
    {
        "question": "X-ray feature of pyloric stenosis is: March 2013 opa: Single bubble appearance, opb: Double bubble appearance, opc: Triple bubble appearance, opd: Multiple bubble appearance"
    },
    {
        "question": "A 60-year-old man has had angina on exertion for the past 6 years. A coronary angiogram performed 2 years ago showed 75% stenosis of the left circumflex coronary artery and 50% stenosis of the right coronary artery. For the past 3 weeks, the frequency and severity of his anginal attacks have increased, and pain sometimes occurs even when he is lying in bed. On physical examination, his blood pressure is 110/80 mm Hg, and pulse is 85/min with irregular beats. An ECG shows ST-segment elevation. Laboratory studies show serum glucose, 188 mg/dL; creatinine, 1.2 mg/dL; and troponin I, 1.5 ng/mL. Which of the following is most likely to explain these findings? opa: Atheromatous plaque fissure with thrombosis, opb: Constrictive pericarditis with calcification, opc: Endomyocardial fibrosis, opd: Extensive myocardial fiber hypertrophy"
    },
    {
        "question": "Which of the following sign is not seen in hypertrophic pyloric stenosis opa: String sign, opb: Shoulder sign, opc: Double track sign, opd: Troseier sign"
    },
    {
        "question": "Which metabolic abnormality is seen in congenital hyperophic pyloric stenosis? opa: Metabolic Acidosis, opb: Metabolic Alkalosis, opc: Respiratory Acidosis, opd: Respiratory Alkalosis"
    },
    {
        "question": "Loud S1 in Mitral stenosis is seen in- opa: Prolonged flow through mitral valve, opb: 1st degree hea block, opc: Calcification of the valve, opd: Immobilization of the valve"
    },
    {
        "question": "What is the following most characteristic feature of congenital hyperophic pyloric stenosis? opa: The patient is commonly marasmic, opb: It is associated with early loss of appetite, opc: It mostly affects the first born female child, opd: The pyloric tumour is best felt during feeding"
    },
    {
        "question": "Which among the following is not a ultrasound feature of Congenital Hypertrophic Pyloric Stenosis? opa: 95% sensitivity by ultrasound, opb: Thickness of pylorus > 4mm, opc: Canal length > 16mm, opd: High gastric residue"
    },
    {
        "question": "The abdominal mass in congenital hyperophic pyloric stenosis is a new born child can be best palpated:- opa: In the midepigastric area, opb: In the right hypochondriac quadrant, opc: In the umbilical area, opd: During feeding"
    },
    {
        "question": "The metabolic dearrangement in congenital pyloric stenosis is opa: Hypochloremic alkalosis, opb: Hyperchloremic alkalosis, opc: Hyperchloremic acidosis, opd: Hypochloremic acidosis"
    },
    {
        "question": "Patient with pyloric stenosis secondary to peptic ulcer, complains of profuse vomitting and Na+ -125 meq/L, K+--> 2.3 meq/L and CI-> 85 meq/L, BE-8meq/L should be given opa: Half normal saline, opb: Normal saline, opc: K+ bolus, opd: Hypeonic saline"
    },
    {
        "question": "A primigravida at term with mitral stenosis in labor wants analgesia for normal delivery. which form of Anesthesia to be used for her? opa: Inhalational Anaesthesia, opb: Spinal Anaesthesia, opc: Epidural Anaesthesia, opd: Opioids"
    },
    {
        "question": "Hypertrophic pyloric stenosis is best diagnosed by - opa: USG, opb: CT SCAN, opc: X-ray abdo supine, opd: MRI"
    },
    {
        "question": "Investigation of choice for congenital hypertrophic pyloric stenosis is? opa: Barium meal, opb: Ultrasound, opc: CT scan, opd: MRI"
    },
    {
        "question": "Hypochloremic alkalosis is a complication of -a) Congenital pyloric stenosisb) Vomitingc) Haematemesisd) Aspirin intoxication opa: ad, opb: ab, opc: bd, opd: cd"
    },
    {
        "question": "A patient of rheumatic heart disease with mitral stenosis and atrial fibrillation is on oral warfarin. On one OPD visit, his INR is found to be 6. What is the action to be taken? opa: Stop warfarin, and review, opb: Stop wairfarin, and administer fresh frozen plasma, opc: Stop warfarin, and administer intramuscular vitamin K, opd: Stop warfarin, and administer intramuscular vitamin K"
    },
    {
        "question": "An elderly hypertensive has diabetes mellitus and bilateral renal artery stenosis. The best management is: opa: Enalapril, opb: Verapamil, opc: Beta blockers, opd: Thiazides"
    },
    {
        "question": "The gold standard investigation for renal aery stenosis in an 21 year old girl : opa: Renal scan, opb: Ultrasound Doppler, opc: Renal angiography, opd: 3D Contrast-enhanced MRA"
    },
    {
        "question": "A patient with mitral stenosis on pre-op evaluation is detected to have elevated liver enzymes. Which inhalational anaesthetic agent will be preferred in her? opa: Halothane, opb: Enflurane, opc: Xenon, opd: Sevoflurane"
    },
    {
        "question": "A child presents with antimongoloid slant, pulmonary stenosis, sho stature, and undescended testis. The likely diagnosis is _____ opa: Hypoparathyroidism, opb: Noonan syndrome, opc: Klinefelter syndrome, opd: XYY sex chromosome"
    },
    {
        "question": "Loud S1 in Mitral stenosis is caused by: opa: Prolonged flow through mitral valve, opb: 1st degree hea block, opc: Calcification of the valve, opd: Immobilization of valve"
    },
    {
        "question": "Lady with Mitral stenosis and mitral regurgitation with full term gestation, obstetrician planning to conduct normal delivery, what would be analgesia of choice? opa: Parenteral opioids, opb: General anesthesia, opc: Inhalational analgesia, opd: Neuraxial analgesia"
    },
    {
        "question": "Drug of choice in Laryngeal stenosis is - opa: Cyclophosphamide, opb: Doxorubicin, opc: Adriamycin, opd: Mitomycin C"
    },
    {
        "question": "Peripheral pulmonic stenosis is associated with -a) Subaortic stenosis b)  Takayasu's arteritisc) William syndromed) Coarctation of syndromee) Rubella opa: ce, opb: b, opc: ac, opd: ae"
    },
    {
        "question": "Metabolic abnormality seen in congenital hypertrophic pyloric stenosis is opa: Hypochloremic hypokalemic metabolic alkalosis, opb: Hyperchlonemic hypokalemic metabolic alkalosis, opc: Hypochloremic hypokalemic metabolic acidosis, opd: Hyperchloremic hypokalemic metabolic acidosis"
    },
    {
        "question": "The most important sign of significance of renal artery stenosis on an angiogram is \u2013 opa: A percentage diameter stenosis > 70%, opb: Presence of collaterals, opc: A systolic pressure gradient > 20 mm Hg across the lesion, opd: Post\u2013stenotic dilatation of the renal artery"
    },
    {
        "question": "Hyperophic pyloric stenosis presents after how many months of bih : opa: One, opb: Two, opc: Three, opd: Six"
    },
    {
        "question": "After suffering a streptococcal throat infection, a 12-year-old immigrant boy develops cardiac symptoms that are attributed to rheumatic fever. Years later, at the age of 34 he is admitted to the hospital with pulmonary edema. Further examination reveals a diastolic murmur at the apex and mitral stenosis is diagnosed. Before surgical evaluation, which of the following findings can be attributed to mitral stenosis? opa: Large left ventricle, opb: Indentation of the middle third of the esophagus by an enlarged left atrium, opc: Notching of the ribs, opd: Bounding, full pulse"
    },
    {
        "question": "The surgery for hyperophic pyloric stenosis of infancy is opa: Ramstedt's operation, opb: Truncal vagotomy, opc: Heller's operation, opd: Delorme's operataion"
    },
    {
        "question": "What is the most characteristic of congenital hypertrophic pyloric stenosis? opa: Affects the first born female child, opb: The pyloric tumor is best felt during feeding, opc: The patient is commonly marasmic, opd: Loss of appetite occurs early"
    },
    {
        "question": "A patient with multiple loose teeth requires extraction and has mitral stenosis with mild cardiac insufficiency. He is on enalapril, digoxin, and furosemide. The antibiotic of choice to prevent bacterial endocarditis is: opa: Amoxicillin, opb: Doxycycline, opc: Cotrimoxazole, opd: Gentamicin"
    },
    {
        "question": "Physical sign of severe aortic stenosis is: opa: A late peaking holosystolic murmur, opb: A delayed carotid upstroke, opc: A diastolic rumble, opd: An opening snap"
    },
    {
        "question": "A 10 days old neonate is posted for pyloric stenosis in surgery. The investigation report shows a serum calcium level of 6 mg/dL. What information would you like to know before you supplement calcium to this neonate \u2013 opa: Blood glucose, opb: Serum protein, opc: Serum bilirubin, opd: Oxygen saturation"
    },
    {
        "question": "Pure left sided failure may be seen with \u2013a) ASDb) Aortic stenosisc) Patent ductus arteriosusd) Pulmonary valvular obstruction opa: a, opb: c, opc: bc, opd: ad"
    },
    {
        "question": "A 30 year old male presented with severe dyspnea. His investigations showed mitral stenosis with left atrial enlargement. The histopathology repo from his mitral valve is shown below. What is the likely diagnosis of these patients? opa: Sarcoidosis, opb: Fungal granuloma, opc: Tuberculosis, opd: Rheumatic hea disease"
    }
]